{"cameraMode":{"drawMode":0,"name":"Shaded","section":"Shading Mode"},"sceneLighting":false,"audioPlay":false,"sceneViewState":{"m_AlwaysRefresh":false,"showFog":true,"showSkybox":false,"showFlares":true,"showImageEffects":true,"showParticleSystems":true,"showVisualEffectGraphs":true,"m_FxEnabled":true},"in2DMode":false,"pivot":{"x":-0.10630041360855103,"y":0.33738207817077639,"z":-0.2840859293937683},"rotation":{"x":0.34417158365249636,"y":0.4220926761627197,"z":-0.17721492052078248,"w":0.8197489380836487},"size":0.3909604847431183,"orthographic":false}